OIS USD,ON,Cash Rate
OIS USD,TN,Cash Rate
OIS USD,1W,Cash Rate
OIS USD,2W,Cash Rate
OIS USD,3W,Cash Rate
OIS USD,1M,Cash Rate
OIS USD,2M,Cash Rate
OIS USD,3M,Cash Rate
OIS USD,4M,Cash Rate
OIS USD,5M,Cash Rate
OIS USD,6M,Cash Rate
OIS USD,7M,Cash Rate
OIS USD,8M,Cash Rate
OIS USD,9M,Cash Rate
OIS USD,10M,Cash Rate
OIS USD,11M,Cash Rate
OIS USD,1Y,Cash Rate
OIS USD,15M,Swap Rate
OIS USD,18M,Swap Rate
OIS USD,21M,Swap Rate
OIS USD,2Y,Swap Rate
OIS USD,3Y,Swap Rate
OIS USD,4Y,Swap Rate
OIS USD,5Y,Swap Rate
OIS USD,6Y,Swap Rate
OIS USD,7Y,Swap Rate
OIS USD,8Y,Swap Rate
OIS USD,9Y,Swap Rate
OIS USD,10Y,Swap Rate
OIS USD,12Y,Swap Rate
OIS USD,15Y,Swap Rate
OIS USD,20Y,Swap Rate
OIS USD,25Y,Swap Rate
OIS USD,30Y,Swap Rate
OIS USD,40Y,Swap Rate
